{"_id":"65926671d616be440743c899","code":551,"earthquake":{"domesticTsunami":"Checking","foreignTsunami":"Unknown","hypocenter":{"depth":-1,"latitude":-200,"longitude":-200,"magnitude":-1,"name":""},"maxScale":70,"time":"2024/01/01 16:10:00"},"issue":{"correct":"None","source":"気象庁","time":"2024/01/01 16:14:56","type":"ScalePrompt"},"points":[{"addr":"石川県能登","isArea":true,"pref":"石川県","scale":70},{"addr":"石川県加賀","isArea":true,"pref":"石川県","scale":50},{"addr":"新潟県中越","isArea":true,"pref":"新潟県","scale":55},{"addr":"新潟県上越","isArea":true,"pref":"新潟県","scale":50},{"addr":"新潟県下越","isArea":true,"pref":"新潟県","scale":50},{"addr":"新潟県佐渡","isArea":true,"pref":"新潟県","scale":50},{"addr":"富山県東部","isArea":true,"pref":"富山県","scale":50},{"addr":"富山県西部","isArea":true,"pref":"富山県","scale":50},{"addr":"福井県嶺北","isArea":true,"pref":"福井県","scale":50},{"addr":"福井県嶺南","isArea":true,"pref":"福井県","scale":40},{"addr":"長野県北部","isArea":true,"pref":"長野県","scale":45},{"addr":"長野県中部","isArea":true,"pref":"長野県","scale":40},{"addr":"長野県南部","isArea":true,"pref":"長野県","scale":40},{"addr":"岐阜県飛騨","isArea":true,"pref":"岐阜県","scale":45},{"addr":"岐阜県美濃東部","isArea":true,"pref":"岐阜県","scale":40},{"addr":"岐阜県美濃中西部","isArea":true,"pref":"岐阜県","scale":40},{"addr":"山形県庄内","isArea":true,"pref":"山形県","scale":40},{"addr":"山形県村山","isArea":true,"pref":"山形県","scale":40},{"addr":"山形県置賜","isArea":true,"pref":"山形県","scale":40},{"addr":"山形県最上","isArea":true,"pref":"山形県","scale":30},{"addr":"福島県中通り","isArea":true,"pref":"福島県","scale":40},{"addr":"福島県会津","isArea":true,"pref":"福島県","scale":40},{"addr":"福島県浜通り","isArea":true,"pref":"福島県","scale":30},{"addr":"茨城県北部","isArea":true,"pref":"茨城県","scale":40},{"addr":"茨城県南部","isArea":true,"pref":"茨城県","scale":30},{"addr":"栃木県北部","isArea":true,"pref":"栃木県","scale":40},{"addr":"栃木県南部","isArea":true,"pref":"栃木県","scale":30},{"addr":"群馬県北部","isArea":true,"pref":"群馬県","scale":40},{"addr":"群馬県南部","isArea":true,"pref":"群馬県","scale":30},{"addr":"埼玉県北部","isArea":true,"pref":"埼玉県","scale":40},{"addr":"埼玉県南部","isArea":true,"pref":"埼玉県","scale":30},{"addr":"静岡県西部","isArea":true,"pref":"静岡県","scale":40},{"addr":"静岡県東部","isArea":true,"pref":"静岡県","scale":30},{"addr":"静岡県中部","isArea":true,"pref":"静岡県","scale":30},{"addr":"愛知県西部","isArea":true,"pref":"愛知県","scale":40},{"addr":"愛知県東部","isArea":true,"pref":"愛知県","scale":30},{"addr":"三重県北部","isArea":true,"pref":"三重県","scale":40},{"addr":"三重県中部","isArea":true,"pref":"三重県","scale":30},{"addr":"三重県南部","isArea":true,"pref":"三重県","scale":30},{"addr":"滋賀県北部","isArea":true,"pref":"滋賀県","scale":40},{"addr":"滋賀県南部","isArea":true,"pref":"滋賀県","scale":40},{"addr":"京都府南部","isArea":true,"pref":"京都府","scale":40},{"addr":"京都府北部","isArea":true,"pref":"京都府","scale":30},{"addr":"大阪府北部","isArea":true,"pref":"大阪府","scale":40},{"addr":"大阪府南部","isArea":true,"pref":"大阪府","scale":30},{"addr":"兵庫県北部","isArea":true,"pref":"兵庫県","scale":40},{"addr":"兵庫県南東部","isArea":true,"pref":"兵庫県","scale":30},{"addr":"兵庫県淡路島","isArea":true,"pref":"兵庫県","scale":30},{"addr":"奈良県","isArea":true,"pref":"奈良県","scale":40},{"addr":"鳥取県東部","isArea":true,"pref":"鳥取県","scale":40},{"addr":"鳥取県中部","isArea":true,"pref":"鳥取県","scale":30},{"addr":"鳥取県西部","isArea":true,"pref":"鳥取県","scale":30},{"addr":"岩手県内陸北部","isArea":true,"pref":"岩手県","scale":30},{"addr":"宮城県北部","isArea":true,"pref":"宮城県","scale":30},{"addr":"宮城県南部","isArea":true,"pref":"宮城県","scale":30},{"addr":"宮城県中部","isArea":true,"pref":"宮城県","scale":30},{"addr":"秋田県沿岸北部","isArea":true,"pref":"秋田県","scale":30},{"addr":"秋田県沿岸南部","isArea":true,"pref":"秋田県","scale":30},{"addr":"秋田県内陸北部","isArea":true,"pref":"秋田県","scale":30},{"addr":"秋田県内陸南部","isArea":true,"pref":"秋田県","scale":30},{"addr":"千葉県北東部","isArea":true,"pref":"千葉県","scale":30},{"addr":"千葉県北西部","isArea":true,"pref":"千葉県","scale":30},{"addr":"千葉県南部","isArea":true,"pref":"千葉県","scale":30},{"addr":"東京都２３区","isArea":true,"pref":"東京都","scale":30},{"addr":"神奈川県東部","isArea":true,"pref":"神奈川県","scale":30},{"addr":"神奈川県西部","isArea":true,"pref":"神奈川県","scale":30},{"addr":"山梨県中・西部","isArea":true,"pref":"山梨県","scale":30},{"addr":"山梨県東部・富士五湖","isArea":true,"pref":"山梨県","scale":30},{"addr":"和歌山県北部","isArea":true,"pref":"和歌山県","scale":30},{"addr":"島根県東部","isArea":true,"pref":"島根県","scale":30},{"addr":"島根県隠岐","isArea":true,"pref":"島根県","scale":30},{"addr":"岡山県北部","isArea":true,"pref":"岡山県","scale":30},{"addr":"岡山県南部","isArea":true,"pref":"岡山県","scale":30},{"addr":"徳島県北部","isArea":true,"pref":"徳島県","scale":30},{"addr":"香川県東部","isArea":true,"pref":"香川県","scale":30}],"time":"2024/01/01 16:14:57.577","timestamp":{"convert":"2024/01/01 16:14:57.573","register":"2024/01/01 16:14:57.578"},"user_agent":"jmaxml-seis-parser-go, relay, register-api","ver":"20231023"}