{"_id":"6592658bd616be440743c890","areas":[{"arrivalTime":null,"kindCode":"11","name":"石川県能登","pref":"石川","scaleFrom":60,"scaleTo":70},{"arrivalTime":"2024/01/01 16:10:50","kindCode":"19","name":"富山県西部","pref":"富山","scaleFrom":55,"scaleTo":55},{"arrivalTime":"2024/01/01 16:10:50","kindCode":"19","name":"石川県加賀","pref":"石川","scaleFrom":55,"scaleTo":55},{"arrivalTime":null,"kindCode":"11","name":"新潟県上越","pref":"新潟","scaleFrom":45,"scaleTo":50},{"arrivalTime":null,"kindCode":"11","name":"新潟県佐渡","pref":"新潟","scaleFrom":45,"scaleTo":50},{"arrivalTime":null,"kindCode":"11","name":"新潟県中越","pref":"新潟","scaleFrom":45,"scaleTo":50},{"arrivalTime":"2024/01/01 16:10:54","kindCode":"19","name":"富山県東部","pref":"富山","scaleFrom":50,"scaleTo":50},{"arrivalTime":null,"kindCode":"11","name":"長野県北部","pref":"長野","scaleFrom":45,"scaleTo":45},{"arrivalTime":"2024/01/01 16:11:07","kindCode":"19","name":"福井県嶺北","pref":"福井","scaleFrom":45,"scaleTo":45},{"arrivalTime":null,"kindCode":"11","name":"岐阜県飛騨","pref":"岐阜","scaleFrom":40,"scaleTo":40},{"arrivalTime":null,"kindCode":"11","name":"新潟県下越","pref":"新潟","scaleFrom":40,"scaleTo":40},{"arrivalTime":null,"kindCode":"11","name":"長野県南部","pref":"長野","scaleFrom":40,"scaleTo":40},{"arrivalTime":null,"kindCode":"11","name":"岐阜県美濃中西部","pref":"岐阜","scaleFrom":40,"scaleTo":40},{"arrivalTime":null,"kindCode":"11","name":"長野県中部","pref":"長野","scaleFrom":40,"scaleTo":40},{"arrivalTime":null,"kindCode":"11","name":"福島県会津","pref":"福島","scaleFrom":40,"scaleTo":40},{"arrivalTime":null,"kindCode":"11","name":"群馬県北部","pref":"群馬","scaleFrom":40,"scaleTo":40},{"arrivalTime":null,"kindCode":"11","name":"群馬県南部","pref":"群馬","scaleFrom":40,"scaleTo":40},{"arrivalTime":null,"kindCode":"11","name":"岐阜県美濃東部","pref":"岐阜","scaleFrom":40,"scaleTo":40},{"arrivalTime":"2024/01/01 16:11:11","kindCode":"10","name":"福井県嶺南","pref":"福井","scaleFrom":40,"scaleTo":40},{"arrivalTime":"2024/01/01 16:11:18","kindCode":"10","name":"栃木県南部","pref":"栃木","scaleFrom":40,"scaleTo":40},{"arrivalTime":"2024/01/01 16:11:19","kindCode":"10","name":"埼玉県北部","pref":"埼玉","scaleFrom":40,"scaleTo":40},{"arrivalTime":"2024/01/01 16:11:21","kindCode":"10","name":"山形県村山","pref":"山形","scaleFrom":40,"scaleTo":40},{"arrivalTime":"2024/01/01 16:11:22","kindCode":"10","name":"茨城県南部","pref":"茨城","scaleFrom":40,"scaleTo":40},{"arrivalTime":"2024/01/01 16:11:22","kindCode":"10","name":"埼玉県南部","pref":"埼玉","scaleFrom":40,"scaleTo":40},{"arrivalTime":"2024/01/01 16:11:24","kindCode":"10","name":"福島県中通り","pref":"福島","scaleFrom":40,"scaleTo":40},{"arrivalTime":"2024/01/01 16:11:25","kindCode":"10","name":"茨城県北部","pref":"茨城","scaleFrom":40,"scaleTo":40},{"arrivalTime":"2024/01/01 16:11:25","kindCode":"10","name":"千葉県北西部","pref":"千葉","scaleFrom":40,"scaleTo":40},{"arrivalTime":"2024/01/01 16:11:28","kindCode":"10","name":"兵庫県北部","pref":"兵庫","scaleFrom":40,"scaleTo":40},{"arrivalTime":"2024/01/01 16:11:08","kindCode":"10","name":"栃木県北部","pref":"栃木","scaleFrom":30,"scaleTo":40},{"arrivalTime":"2024/01/01 16:11:11","kindCode":"10","name":"埼玉県秩父","pref":"埼玉","scaleFrom":30,"scaleTo":40},{"arrivalTime":"2024/01/01 16:11:14","kindCode":"10","name":"山梨県中・西部","pref":"山梨","scaleFrom":30,"scaleTo":40},{"arrivalTime":"2024/01/01 16:11:15","kindCode":"10","name":"山形県置賜","pref":"山形","scaleFrom":30,"scaleTo":40},{"arrivalTime":"2024/01/01 16:11:15","kindCode":"10","name":"滋賀県北部","pref":"滋賀","scaleFrom":30,"scaleTo":40},{"arrivalTime":"2024/01/01 16:11:17","kindCode":"10","name":"愛知県西部","pref":"愛知","scaleFrom":30,"scaleTo":40},{"arrivalTime":"2024/01/01 16:11:20","kindCode":"10","name":"山形県庄内","pref":"山形","scaleFrom":30,"scaleTo":40},{"arrivalTime":"2024/01/01 16:11:21","kindCode":"10","name":"三重県北部","pref":"三重","scaleFrom":30,"scaleTo":40},{"arrivalTime":"2024/01/01 16:11:23","kindCode":"10","name":"静岡県東部","pref":"静岡","scaleFrom":30,"scaleTo":40},{"arrivalTime":"2024/01/01 16:11:27","kindCode":"10","name":"宮城県南部","pref":"宮城","scaleFrom":30,"scaleTo":40},{"arrivalTime":"2024/01/01 16:11:39","kindCode":"10","name":"奈良県","pref":"奈良","scaleFrom":30,"scaleTo":40},{"arrivalTime":"2024/01/01 16:11:41","kindCode":"10","name":"宮城県中部","pref":"宮城","scaleFrom":30,"scaleTo":40}],"cancelled":false,"code":556,"earthquake":{"arrivalTime":"2024/01/01 16:10:10","condition":"","hypocenter":{"depth":10,"latitude":37.6,"longitude":137.2,"magnitude":7.4,"name":"能登半島沖","reduceName":"能登半島沖"},"originTime":"2024/01/01 16:10:08"},"issue":{"eventId":"20240101161010","serial":"3","time":"2024/01/01 16:11:07"},"time":"2024/01/01 16:11:07.163","timestamp":{"convert":"2024/01/01 16:11:07.158","register":"2024/01/01 16:11:07.163"},"user_agent":"jmaxml-seis-parser-go, relay, register-api","ver":"20231023"}