{"_id":"65926466d616be440743c886","areas":[{"arrivalTime":null,"kindCode":"11","name":"石川県能登","pref":"石川","scaleFrom":50,"scaleTo":50}],"cancelled":false,"code":556,"earthquake":{"arrivalTime":"2024/01/01 16:06:08","condition":"","hypocenter":{"depth":10,"latitude":37.5,"longitude":137.2,"magnitude":5.7,"name":"石川県能登地方","reduceName":"石川県"},"originTime":"2024/01/01 16:06:06"},"issue":{"eventId":"20240101160608","serial":"1","time":"2024/01/01 16:06:14"},"time":"2024/01/01 16:06:14.215","timestamp":{"convert":"2024/01/01 16:06:14.209","register":"2024/01/01 16:06:14.215"},"user_agent":"jmaxml-seis-parser-go, relay, register-api","ver":"20231023"}